{"q_table": {"(1, 0, 1, 0, 1, 1)": {"billing": 0.0, "technical": 0.0, "general": -0.0385649, "complaint": 0.03236777266812522, "refund": 0.0, "phishing": 0.0}, "(2, 0, 1, 0, 1, 1)": {"billing": 0.00225316, "technical": 0.0, "general": 0.037105000000000006, "complaint": 0.1348453054969702, "refund": 0.0, "phishing": 0.0}, "(3, 0, 1, 0, 1, 1)": {"billing": 0.01027921746044, "technical": 0.009600000000000001, "general": 0.010924000000000001, "complaint": 0.09340060974529957, "refund": -0.00801684, "phishing": 0.0}, "(1, 1, 1, 1, 0, 1)": {"billing": 0.0530421978, "technical": 0.083396262, "general": 0.0, "complaint": -0.02102, "refund": 0.0179791978, "phishing": 0.0}, "(2, 1, 1, 1, 0, 1)": {"billing": 0.086658362, "technical": 0.12602442, "general": 0.0, "complaint": 0.0, "refund": 0.036808761999999995, "phishing": 0.0}, "(3, 1, 1, 1, 0, 1)": {"billing": 0.063628982, "technical": 0.0739818, "general": 0.06602000000000001, "complaint": 0.0, "refund": 0.06546426200000001, "phishing": 0.0}, "(1, 0, 0, 1, 0, 0)": {"billing": 0.04088, "technical": -0.09895383059182619, "general": 0.0, "complaint": -0.018920000000000003, "refund": 0.0, "phishing": 0.04850007}, "(2, 0, 0, 1, 0, 0)": {"billing": 0.086223, "technical": -0.04808281413650556, "general": 0.012707269999999998, "complaint": 0.01457027, "refund": 0.0, "phishing": 0.07359027}, "(3, 0, 0, 1, 0, 0)": {"billing": 0.149003, "technical": -0.019246867031583712, "general": 0.0, "complaint": 0.0, "refund": 0.0, "phishing": 0.08332027000000002}, "(1, 0, 1, 0, 0, 1)": {"billing": -0.04024673460904967, "technical": 0.11145476373292149, "general": 0.18520877630580182, "complaint": 0.0, "refund": 0.0, "phishing": -0.015036099999999997}, "(2, 0, 1, 0, 0, 1)": {"billing": 0.06950384391904643, "technical": 0.11127381101430087, "general": 0.39214186383655647, "complaint": 0.0, "refund": 0.0, "phishing": 0.0}, "(3, 0, 1, 0, 0, 1)": {"billing": 0.11024856896981206, "technical": 0.14188552351751268, "general": 0.412783465154046, "complaint": 0.0, "refund": 0.026889833970836816, "phishing": 0.0}, "(1, 0, 0, 0, 0, 0)": {"billing": 0.07369189370583436, "technical": 0.0, "general": 0.14723175460139026, "complaint": 0.0, "refund": 0.0, "phishing": 0.0}, "(2, 0, 0, 0, 0, 0)": {"billing": 0.10932991193109215, "technical": 0.0, "general": 0.38768770784260387, "complaint": 0.0, "refund": 0.0, "phishing": 0.0}, "(3, 0, 0, 0, 0, 0)": {"billing": 0.10192991193109213, "technical": 0.0, "general": 0.34188791034546817, "complaint": 0.09857991193109215, "refund": 0.0, "phishing": 0.03165249470013116}, "(1, 1, 1, 0, 0, 1)": {"billing": -0.014558001121222741, "technical": 0.20636713108050575, "general": 0.0, "complaint": 0.0, "refund": 0.048594615295216824, "phishing": 0.03855}, "(2, 1, 1, 0, 0, 1)": {"billing": 0.09238536318819589, "technical": 0.2522047669184674, "general": -0.008282417999999998, "complaint": 0.0, "refund": 0.17728665828428447, "phishing": 0.0}, "(3, 1, 1, 0, 0, 1)": {"billing": 0.13722605140819588, "technical": 0.2527774686333157, "general": 0.005122497148483242, "complaint": 0.0, "refund": 0.22199982943555102, "phishing": 0.0}, "(1, 1, 1, 0, 0, 0)": {"billing": 0.0, "technical": 0.08283410000000001, "general": 0.0, "complaint": 0.0, "refund": 0.0, "phishing": 0.0}, "(2, 1, 1, 0, 0, 0)": {"billing": 0.0, "technical": 0.12147830000000001, "general": 0.0, "complaint": 0.0, "refund": 0.0, "phishing": 0.0}, "(3, 1, 1, 0, 0, 0)": {"billing": 0.0, "technical": 0.11779030000000001, "general": 0.0, "complaint": 0.0, "refund": 0.0, "phishing": 0.0}, "(1, 1, 0, 0, 0, 0)": {"billing": 0.08254990854846712, "technical": 0.0, "general": 0.03802, "complaint": 0.0, "refund": 0.1661772805005203, "phishing": 0.0}, "(2, 1, 0, 0, 0, 0)": {"billing": 0.0919311468024717, "technical": 0.0, "general": 0.0, "complaint": 0.0, "refund": 0.3169850132039773, "phishing": 0.0}, "(3, 1, 0, 0, 0, 0)": {"billing": 0.13588704511265587, "technical": 0.0, "general": 0.0, "complaint": 0.0, "refund": 0.2615027378767673, "phishing": 0.0}, "(1, 0, 1, 0, 0, 0)": {"billing": -0.09364954664221889, "technical": -0.0038106012996569905, "general": -0.007652717, "complaint": 0.0, "refund": 0.0, "phishing": 0.0}, "(2, 0, 1, 0, 0, 0)": {"billing": 0.06642842579178142, "technical": 0.048083126328367004, "general": 0.030776503, "complaint": 0.0, "refund": 0.0, "phishing": 0.06652970000000001}, "(3, 0, 1, 0, 0, 0)": {"billing": 0.03511664082317871, "technical": 0.085732380128367, "general": 0.0, "complaint": 0.07808123300000001, "refund": 0.0, "phishing": 0.0}, "(1, 1, 0, 0, 0, 1)": {"billing": 0.12129521393033911, "technical": 0.0, "general": 0.0, "complaint": 0.0, "refund": 0.02514838210940007, "phishing": 0.0}, "(2, 1, 0, 0, 0, 1)": {"billing": 0.23083432750469413, "technical": -0.00042, "general": 0.0, "complaint": 0.0, "refund": 0.13636558613002814, "phishing": 0.0}, "(3, 1, 0, 0, 0, 1)": {"billing": 0.22303532143189714, "technical": 0.0, "general": 0.0, "complaint": 0.0, "refund": -0.003200095287038851, "phishing": 0.0}, "(1, 1, 0, 0, 1, 1)": {"billing": 0.0, "technical": 0.0, "general": 0.0, "complaint": -0.0103586325841, "refund": -0.012655300000000001, "phishing": 0.0}, "(2, 1, 0, 0, 1, 1)": {"billing": 0.0, "technical": 0.0, "general": 0.0, "complaint": 0.0573994561159, "refund": 0.0, "phishing": 0.0}, "(3, 1, 0, 0, 1, 1)": {"billing": 0.0, "technical": 0.0, "general": 0.0, "complaint": 0.027633042115899994, "refund": 0.0, "phishing": 0.0}, "(1, 1, 1, 1, 0, 0)": {"billing": 0.0, "technical": 0.0, "general": 0.0, "complaint": 0.0, "refund": 0.04129, "phishing": 0.0}, "(2, 1, 1, 1, 0, 0)": {"billing": 0.0, "technical": 0.0, "general": 0.0, "complaint": 0.0, "refund": 0.07842, "phishing": 0.0}, "(3, 1, 1, 1, 0, 0)": {"billing": 0.0, "technical": 0.0, "general": 0.0, "complaint": 0.0, "refund": 0.07184, "phishing": 0.0}, "(1, 0, 1, 1, 0, 1)": {"billing": 0.0, "technical": -0.016388319999999998, "general": 0.0, "complaint": 0.0, "refund": 0.0, "phishing": 0.039240000000000004}, "(2, 0, 1, 1, 0, 1)": {"billing": 0.0, "technical": 0.0006517780000000056, "general": 0.0, "complaint": 0.0, "refund": 0.0, "phishing": 0.0620868}, "(3, 0, 1, 1, 0, 1)": {"billing": 0.0, "technical": 0.045402492000000017, "general": 0.0, "complaint": 0.0, "refund": 0.00952, "phishing": 0.050736800000000006}, "(1, 0, 0, 0, 0, 1)": {"billing": 0.0, "technical": 0.0, "general": -0.09240711658966208, "complaint": 0.0, "refund": 0.0, "phishing": 0.0}, "(2, 0, 0, 0, 0, 1)": {"billing": 0.0, "technical": 0.0, "general": 0.0020225949632379225, "complaint": 0.0, "refund": 0.0, "phishing": 0.0}, "(3, 0, 0, 0, 0, 1)": {"billing": 0.0, "technical": 0.0, "general": -0.017039431749762073, "complaint": 0.0, "refund": 0.0, "phishing": 0.0}, "(1, 0, 0, 1, 0, 1)": {"billing": 0.0, "technical": -0.07383581932410001, "general": 0.0, "complaint": 0.0, "refund": -0.016461100000000003, "phishing": 0.04052}, "(2, 0, 0, 1, 0, 1)": {"billing": 0.0, "technical": -0.07951113548640001, "general": 0.0, "complaint": 0.0, "refund": 0.0, "phishing": 0.05821}, "(3, 0, 0, 1, 0, 1)": {"billing": 0.0, "technical": -0.032110023371399996, "general": 0.0, "complaint": 0.0, "refund": 0.0, "phishing": 0.0666}, "(1, 0, 1, 1, 0, 0)": {"billing": 0.0, "technical": 0.039509931000000005, "general": 0.0, "complaint": 0.0, "refund": 0.0, "phishing": 0.0}, "(2, 0, 1, 1, 0, 0)": {"billing": 0.0, "technical": 0.033636070000000004, "general": 0.0, "complaint": 0.0, "refund": 0.0, "phishing": 0.0}, "(3, 0, 1, 1, 0, 0)": {"billing": 0.0, "technical": -0.0031496399999999996, "general": 0.0, "complaint": 0.0, "refund": 0.0, "phishing": 0.0}, "(1, 1, 0, 1, 0, 1)": {"billing": 0.015790000000000005, "technical": 0.0, "general": -0.01866, "complaint": 0.0, "refund": 0.04726, "phishing": 0.0}, "(2, 1, 0, 1, 0, 1)": {"billing": 0.03735, "technical": 0.0, "general": 0.0, "complaint": 0.0, "refund": 0.15817000000000003, "phishing": 0.0}, "(3, 1, 0, 1, 0, 1)": {"billing": 0.04458000000000001, "technical": 0.0, "general": 0.0, "complaint": 0.0,